[{"sourceEplId":"330564","url":"https://www.healthecareers.com/healthcare-employer/johns-hopkins-bayview-medical-center/330564","sjbEplId":2879},{"sourceEplId":"53565","url":"https://www.healthecareers.com/healthcare-employer/baptist-health-care/53565","sjbEplId":2880},{"sourceEplId":"48450","url":"https://www.healthecareers.com/healthcare-employer/jackson-physician-search/48450","sjbEplId":2881},{"sourceEplId":"54797","url":"https://www.healthecareers.com/healthcare-employer/banner-health-provider-recruitment/54797","sjbEplId":2882},{"sourceEplId":"29421","url":"https://www.healthecareers.com/healthcare-employer/b-e-smith/29421","sjbEplId":2883},{"sourceEplId":"84336","url":"https://www.healthecareers.com/healthcare-employer/john-d-archbold-memorial-hospital/84336","sjbEplId":2884},{"sourceEplId":"364120","url":"https://www.healthecareers.com/healthcare-employer/joe-dimaggio-childrens-hospital/364120","sjbEplId":2885},{"sourceEplId":"356050","url":"https://www.healthecareers.com/healthcare-employer/johns-hopkins-community-physicians/356050","sjbEplId":2886},{"sourceEplId":"46642","url":"https://www.healthecareers.com/healthcare-employer/jordan-search-consultants/46642","sjbEplId":2887},{"sourceEplId":"1162","url":"https://www.healthecareers.com/healthcare-employer/jsa-healthcare-corporation/1162","sjbEplId":2888},{"sourceEplId":"344982","url":"https://www.healthecareers.com/healthcare-employer/baptist-medical-center/344982","sjbEplId":2889},{"sourceEplId":"31361","url":"https://www.healthecareers.com/healthcare-employer/bassett-healthcare-network/31361","sjbEplId":2890},{"sourceEplId":"375703","url":"https://www.healthecareers.com/healthcare-employer/bay-cove-human-services/375703","sjbEplId":2891},{"sourceEplId":"366782","url":"https://www.healthecareers.com/healthcare-employer/bayhealth/366782","sjbEplId":2892},{"sourceEplId":"358761","url":"https://www.healthecareers.com/healthcare-employer/bayfront-health-port-charlotte/358761","sjbEplId":2893},{"sourceEplId":"84115","url":"https://www.healthecareers.com/healthcare-employer/baystate-health/84115","sjbEplId":2894},{"sourceEplId":"38184","url":"https://www.healthecareers.com/healthcare-employer/beaumont-health/38184","sjbEplId":2895},{"sourceEplId":"347440","url":"https://www.healthecareers.com/healthcare-employer/beacon-health-system/347440","sjbEplId":2896},{"sourceEplId":"348192","url":"https://www.healthecareers.com/healthcare-employer/baycare-medical-group/348192","sjbEplId":2897},{"sourceEplId":"346089","url":"https://www.healthecareers.com/healthcare-employer/bay-medical-sacred-heart-health-system/346089","sjbEplId":2898},{"sourceEplId":"376254","url":"https://www.healthecareers.com/healthcare-employer/beaver-medical-group/376254","sjbEplId":2899},{"sourceEplId":"352418","url":"https://www.healthecareers.com/healthcare-employer/beebe-healthcare/352418","sjbEplId":2900},{"sourceEplId":"59785","url":"https://www.healthecareers.com/healthcare-employer/beebe-healthcare/59785","sjbEplId":2901},{"sourceEplId":"375797","url":"https://www.healthecareers.com/healthcare-employer/beloit-health-system-inc/375797","sjbEplId":2902},{"sourceEplId":"52663","url":"https://www.healthecareers.com/healthcare-employer/bend-memorial-clinic/52663","sjbEplId":2903},{"sourceEplId":"48386","url":"https://www.healthecareers.com/healthcare-employer/berkshire-health-systems/48386","sjbEplId":2904},{"sourceEplId":"37787","url":"https://www.healthecareers.com/healthcare-employer/billings-clinic/37787","sjbEplId":2905},{"sourceEplId":"347029","url":"https://www.healthecareers.com/healthcare-employer/benefis-health-system/347029","sjbEplId":2906},{"sourceEplId":"277819","url":"https://www.healthecareers.com/healthcare-employer/dartmouth-hitchcock/277819","sjbEplId":2907},{"sourceEplId":"347647","url":"https://www.healthecareers.com/healthcare-employer/bryan-health/347647","sjbEplId":2908},{"sourceEplId":"292925","url":"https://www.healthecareers.com/healthcare-employer/davita-medical-group/292925","sjbEplId":2909},{"sourceEplId":"377282","url":"https://www.healthecareers.com/healthcare-employer/delmarva-heart-llc/377282","sjbEplId":2910},{"sourceEplId":"331842","url":"https://www.healthecareers.com/healthcare-employer/delta-healthcare-providers-permanent-allied/331842","sjbEplId":2911},{"sourceEplId":"366938","url":"https://www.healthecareers.com/healthcare-employer/delta-locum-tenens/366938","sjbEplId":2912},{"sourceEplId":"369569","url":"https://www.healthecareers.com/healthcare-employer/delta-physician-placement/369569","sjbEplId":2913},{"sourceEplId":"59886","url":"https://www.healthecareers.com/healthcare-employer/department-of-navy-bureau-of-medicine/59886","sjbEplId":2914},{"sourceEplId":"355362","url":"https://www.healthecareers.com/healthcare-employer/department-of-veterans-affairs/355362","sjbEplId":2915},{"sourceEplId":"22200","url":"https://www.healthecareers.com/healthcare-employer/dignity-health/22200","sjbEplId":2916},{"sourceEplId":"322347","url":"https://www.healthecareers.com/healthcare-employer/dermatology-consultants-of-frisco-pa/322347","sjbEplId":2917},{"sourceEplId":"37487","url":"https://www.healthecareers.com/healthcare-employer/district-medical-group-inc-dmg/37487","sjbEplId":2918},{"sourceEplId":"32316","url":"https://www.healthecareers.com/healthcare-employer/duke-health/32316","sjbEplId":2919},{"sourceEplId":"277798","url":"https://www.healthecareers.com/healthcare-employer/duke-nursing/277798","sjbEplId":2920},{"sourceEplId":"350868","url":"https://www.healthecareers.com/healthcare-employer/duke-university-hospital-system/350868","sjbEplId":2921},{"sourceEplId":"358612","url":"https://www.healthecareers.com/healthcare-employer/dupage-medical-group/358612","sjbEplId":2922},{"sourceEplId":"88318","url":"https://www.healthecareers.com/healthcare-employer/hackensack-meridian-health/88318","sjbEplId":2923},{"sourceEplId":"67112","url":"https://www.healthecareers.com/healthcare-employer/hartford-healthcare/67112","sjbEplId":2924},{"sourceEplId":"374097","url":"https://www.healthecareers.com/healthcare-employer/hartford-county-cardiology-pc/374097","sjbEplId":2925},{"sourceEplId":"10691","url":"https://www.healthecareers.com/healthcare-employer/hartford-healthcare-medical-group/10691","sjbEplId":2926},{"sourceEplId":"35814","url":"https://www.healthecareers.com/healthcare-employer/hays-medical-center/35814","sjbEplId":2927},{"sourceEplId":"20053","url":"https://www.healthecareers.com/healthcare-employer/hawaii-permanente-medical-group-kaiser-permanente/20053","sjbEplId":2928},{"sourceEplId":"25626","url":"https://www.healthecareers.com/healthcare-employer/hca-the-healthcare-company/25626","sjbEplId":2929},{"sourceEplId":"360935","url":"https://www.healthecareers.com/healthcare-employer/health-first-medical-group/360935","sjbEplId":2930},{"sourceEplId":"35202","url":"https://www.healthecareers.com/healthcare-employer/health-quest/35202","sjbEplId":2931},{"sourceEplId":"29855","url":"https://www.healthecareers.com/healthcare-employer/health-search-new-england/29855","sjbEplId":2932},{"sourceEplId":"95802","url":"https://www.healthecareers.com/healthcare-employer/healthcare-executive-connections/95802","sjbEplId":2933},{"sourceEplId":"295747","url":"https://www.healthecareers.com/healthcare-employer/healthcare-partners-medical-group/295747","sjbEplId":2934},{"sourceEplId":"319297","url":"https://www.healthecareers.com/healthcare-employer/healthcare-partners-of-nevada/319297","sjbEplId":2935},{"sourceEplId":"65495","url":"https://www.healthecareers.com/healthcare-employer/healthpartners/65495","sjbEplId":2936},{"sourceEplId":"376619","url":"https://www.healthecareers.com/healthcare-employer/healthsouth-city-view-rehabilitation-hospital/376619","sjbEplId":2937},{"sourceEplId":"376615","url":"https://www.healthecareers.com/healthcare-employer/healthsouth-plano-rehabilitation-hospital/376615","sjbEplId":2938},{"sourceEplId":"376616","url":"https://www.healthecareers.com/healthcare-employer/healthsouth-rehabilitation-hospital-of-arlington/376616","sjbEplId":2939},{"sourceEplId":"376632","url":"https://www.healthecareers.com/healthcare-employer/healthsouth-rehabilitation-hospital-of-concord/376632","sjbEplId":2940},{"sourceEplId":"376612","url":"https://www.healthecareers.com/healthcare-employer/healthsouth-rehabilitation-hospital-of-dallas/376612","sjbEplId":2941},{"sourceEplId":"360326","url":"https://www.healthecareers.com/healthcare-employer/healthsouth-rehabilitation-hospital-of-cypress/360326","sjbEplId":2942},{"sourceEplId":"337471","url":"https://www.healthecareers.com/healthcare-employer/healthsouth-rehabilitation-hospital-of-fort-worth/337471","sjbEplId":2943},{"sourceEplId":"376628","url":"https://www.healthecareers.com/healthcare-employer/healthsouth-rehabilitation-hospital-of-humble/376628","sjbEplId":2944},{"sourceEplId":"376633","url":"https://www.healthecareers.com/healthcare-employer/healthsouth-rehabilitation-hospital-of-petersburg/376633","sjbEplId":2945},{"sourceEplId":"376613","url":"https://www.healthecareers.com/healthcare-employer/healthsouth-rehabilitation-hospital-of-richardson/376613","sjbEplId":2946},{"sourceEplId":"376618","url":"https://www.healthecareers.com/healthcare-employer/healthsouth-rehabilitation-hospital-of-the-mid/376618","sjbEplId":2947},{"sourceEplId":"376626","url":"https://www.healthecareers.com/healthcare-employer/healthsouth-rehabilitation-hospital-the-vintage/376626","sjbEplId":2948},{"sourceEplId":"376627","url":"https://www.healthecareers.com/healthcare-employer/healthsouth-rehabilitation-hospital-the-woodlands/376627","sjbEplId":2949},{"sourceEplId":"376629","url":"https://www.healthecareers.com/healthcare-employer/healthsouth-rehabilitation-hospital-vision-park/376629","sjbEplId":2950},{"sourceEplId":"376630","url":"https://www.healthecareers.com/healthcare-employer/healthsouth-sugar-land-rehabilitation-hospital/376630","sjbEplId":2951},{"sourceEplId":"44736","url":"https://www.healthecareers.com/healthcare-employer/henry-m-jackson-foundation-for-the-advancement-of/44736","sjbEplId":2952},{"sourceEplId":"277849","url":"https://www.healthecareers.com/healthcare-employer/heritage-valley-health-system/277849","sjbEplId":2953},{"sourceEplId":"355070","url":"https://www.healthecareers.com/healthcare-employer/hni-healthcare/355070","sjbEplId":2954},{"sourceEplId":"66236","url":"https://www.healthecareers.com/healthcare-employer/hill-physicians-medical-group-primed-management/66236","sjbEplId":2955},{"sourceEplId":"320455","url":"https://www.healthecareers.com/healthcare-employer/humana/320455","sjbEplId":2956},{"sourceEplId":"350074","url":"https://www.healthecareers.com/healthcare-employer/hunterdon-healthcare/350074","sjbEplId":2957},{"sourceEplId":"68023","url":"https://www.healthecareers.com/healthcare-employer/huntsville-hospital/68023","sjbEplId":2958},{"sourceEplId":"376979","url":"https://www.healthecareers.com/healthcare-employer/id-specialists-of-sw-florida/376979","sjbEplId":2959},{"sourceEplId":"1117","url":"https://www.healthecareers.com/healthcare-employer/independence-physician-management/1117","sjbEplId":2960},{"sourceEplId":"320003","url":"https://www.healthecareers.com/healthcare-employer/indian-river-medical-center/320003","sjbEplId":2961},{"sourceEplId":"277770","url":"https://www.healthecareers.com/healthcare-employer/indian-health-service/277770","sjbEplId":2962},{"sourceEplId":"52363","url":"https://www.healthecareers.com/healthcare-employer/infinity-healthcare/52363","sjbEplId":2963},{"sourceEplId":"365442","url":"https://www.healthecareers.com/healthcare-employer/infinity-physician-resources/365442","sjbEplId":2964},{"sourceEplId":"364483","url":"https://www.healthecareers.com/healthcare-employer/infinity-meds/364483","sjbEplId":2965},{"sourceEplId":"68118","url":"https://www.healthecareers.com/healthcare-employer/inland-hospital/68118","sjbEplId":2966},{"sourceEplId":"79086","url":"https://www.healthecareers.com/healthcare-employer/inova/79086","sjbEplId":2967},{"sourceEplId":"82959","url":"https://www.healthecareers.com/healthcare-employer/integrated-dermatology/82959","sjbEplId":2968},{"sourceEplId":"67132","url":"https://www.healthecareers.com/healthcare-employer/integrated-regional-laboratories/67132","sjbEplId":2969},{"sourceEplId":"65869","url":"https://www.healthecareers.com/healthcare-employer/intelligent-placement-solutions/65869","sjbEplId":2970},{"sourceEplId":"33888","url":"https://www.healthecareers.com/healthcare-employer/intermountain-healthcare-physician-services-salt/33888","sjbEplId":2971},{"sourceEplId":"67135","url":"https://www.healthecareers.com/healthcare-employer/intermountain-healthcare/67135","sjbEplId":2972},{"sourceEplId":"363575","url":"https://www.healthecareers.com/healthcare-employer/ironman-staffing-medical-services-inc/363575","sjbEplId":2973},{"sourceEplId":"379101","url":"https://www.healthecareers.com/healthcare-employer/east-jefferson-general-hospital/379101","sjbEplId":2974},{"sourceEplId":"280228","url":"https://www.healthecareers.com/healthcare-employer/irwin-army-community-hospital/280228","sjbEplId":2975},{"sourceEplId":"56553","url":"https://www.healthecareers.com/healthcare-employer/eastern-maine-medical-center/56553","sjbEplId":2976},{"sourceEplId":"61772","url":"https://www.healthecareers.com/healthcare-employer/echn-eastern-connecticut-health-network/61772","sjbEplId":2977},{"sourceEplId":"30573","url":"https://www.healthecareers.com/healthcare-employer/einstein-healthcare-network/30573","sjbEplId":2978},{"sourceEplId":"37162","url":"https://www.healthecareers.com/healthcare-employer/eisenhower-medical-center/37162","sjbEplId":2979},{"sourceEplId":"279652","url":"https://www.healthecareers.com/healthcare-employer/ellis-hospital/279652","sjbEplId":2980},{"sourceEplId":"1160","url":"https://www.healthecareers.com/healthcare-employer/emcare/1160","sjbEplId":2981},{"sourceEplId":"50225","url":"https://www.healthecareers.com/healthcare-employer/emblem-health/50225","sjbEplId":2982},{"sourceEplId":"363707","url":"https://www.healthecareers.com/healthcare-employer/emcare-west/363707","sjbEplId":2983},{"sourceEplId":"371688","url":"https://www.healthecareers.com/healthcare-employer/emcare-epg/371688","sjbEplId":2984},{"sourceEplId":"369164","url":"https://www.healthecareers.com/healthcare-employer/emcare-alliance/369164","sjbEplId":2985},{"sourceEplId":"371579","url":"https://www.healthecareers.com/healthcare-employer/emcare-north/371579","sjbEplId":2986},{"sourceEplId":"44595","url":"https://www.healthecareers.com/healthcare-employer/emergency-medicine-associates-pa-pc/44595","sjbEplId":2987},{"sourceEplId":"367621","url":"https://www.healthecareers.com/healthcare-employer/emergency-medicine-professionals/367621","sjbEplId":2988},{"sourceEplId":"52184","url":"https://www.healthecareers.com/healthcare-employer/emergency-service-partners/52184","sjbEplId":2989},{"sourceEplId":"34169","url":"https://www.healthecareers.com/healthcare-employer/emory-healthcare/34169","sjbEplId":2990},{"sourceEplId":"50808","url":"https://www.healthecareers.com/healthcare-employer/emrecruits/50808","sjbEplId":2991},{"sourceEplId":"366716","url":"https://www.healthecareers.com/healthcare-employer/emory-healthcare/366716","sjbEplId":2992},{"sourceEplId":"1051","url":"https://www.healthecareers.com/healthcare-employer/enterprise-medical-recruiting/1051","sjbEplId":2993},{"sourceEplId":"365978","url":"https://www.healthecareers.com/healthcare-employer/encounter-telehealth/365978","sjbEplId":2994},{"sourceEplId":"65865","url":"https://www.healthecareers.com/healthcare-employer/eskridge-associates/65865","sjbEplId":2995},{"sourceEplId":"329906","url":"https://www.healthecareers.com/healthcare-employer/essentia-health/329906","sjbEplId":2996},{"sourceEplId":"83415","url":"https://www.healthecareers.com/healthcare-employer/everett-clinic/83415","sjbEplId":2997},{"sourceEplId":"339930","url":"https://www.healthecareers.com/healthcare-employer/evicore-healthcare/339930","sjbEplId":2998},{"sourceEplId":"64202","url":"https://www.healthecareers.com/healthcare-employer/gammons-group/64202","sjbEplId":2999},{"sourceEplId":"1204","url":"https://www.healthecareers.com/healthcare-employer/geisinger-health-system/1204","sjbEplId":3000},{"sourceEplId":"357024","url":"https://www.healthecareers.com/healthcare-employer/gastro-health/357024","sjbEplId":3001},{"sourceEplId":"320687","url":"https://www.healthecareers.com/healthcare-employer/gateway-oral-and-maxillofacial-surgeons-of-st/320687","sjbEplId":3002},{"sourceEplId":"351916","url":"https://www.healthecareers.com/healthcare-employer/genesis-health-system/351916","sjbEplId":3003},{"sourceEplId":"380092","url":"https://www.healthecareers.com/healthcare-employer/gohealth-urgent-care/380092","sjbEplId":3004},{"sourceEplId":"380473","url":"https://www.healthecareers.com/healthcare-employer/gohealth-urgent-care/380473","sjbEplId":3005},{"sourceEplId":"90540","url":"https://www.healthecareers.com/healthcare-employer/gerald-champion-regional-medical-center/90540","sjbEplId":3006},{"sourceEplId":"362091","url":"https://www.healthecareers.com/healthcare-employer/gohealth-urgent-care/362091","sjbEplId":3007},{"sourceEplId":"82604","url":"https://www.healthecareers.com/healthcare-employer/gonzaba-medical-group/82604","sjbEplId":3008},{"sourceEplId":"372479","url":"https://www.healthecareers.com/healthcare-employer/grady-health-system/372479","sjbEplId":3009},{"sourceEplId":"354633","url":"https://www.healthecareers.com/healthcare-employer/granger-medical-clinic/354633","sjbEplId":3010},{"sourceEplId":"83889","url":"https://www.healthecareers.com/healthcare-employer/greater-baltimore-medical-center-gbmc/83889","sjbEplId":3011},{"sourceEplId":"33746","url":"https://www.healthecareers.com/healthcare-employer/great-river-health-systems/33746","sjbEplId":3012},{"sourceEplId":"377234","url":"https://www.healthecareers.com/healthcare-employer/green-urribarri-llc/377234","sjbEplId":3013},{"sourceEplId":"58151","url":"https://www.healthecareers.com/healthcare-employer/greenville-health-system/58151","sjbEplId":3014},{"sourceEplId":"321873","url":"https://www.healthecareers.com/healthcare-employer/guthrie-medical-group/321873","sjbEplId":3015},{"sourceEplId":"51657","url":"https://www.healthecareers.com/healthcare-employer/fairview-health-services/51657","sjbEplId":3016},{"sourceEplId":"93477","url":"https://www.healthecareers.com/healthcare-employer/faith-regional-health-services/93477","sjbEplId":3017},{"sourceEplId":"338258","url":"https://www.healthecareers.com/healthcare-employer/ferdowsian-foot-and-ankle-clinic/338258","sjbEplId":3018},{"sourceEplId":"344036","url":"https://www.healthecareers.com/healthcare-employer/finders-firm/344036","sjbEplId":3019},{"sourceEplId":"59856","url":"https://www.healthecareers.com/healthcare-employer/genesis-healthcare/59856","sjbEplId":3020},{"sourceEplId":"56140","url":"https://www.healthecareers.com/healthcare-employer/florida-hospital-physician-recruitment/56140","sjbEplId":3021},{"sourceEplId":"378751","url":"https://www.healthecareers.com/healthcare-employer/florida-blue/378751","sjbEplId":3022},{"sourceEplId":"375622","url":"https://www.healthecareers.com/healthcare-employer/florida-medical-associates/375622","sjbEplId":3023},{"sourceEplId":"379469","url":"https://www.healthecareers.com/healthcare-employer/foundation-health-partners/379469","sjbEplId":3024},{"sourceEplId":"362737","url":"https://www.healthecareers.com/healthcare-employer/florida-otolaryngology-group/362737","sjbEplId":3025},{"sourceEplId":"337654","url":"https://www.healthecareers.com/healthcare-employer/franciscan-physician-network/337654","sjbEplId":3026},{"sourceEplId":"320866","url":"https://www.healthecareers.com/healthcare-employer/front-range-oral-surgery/320866","sjbEplId":3027},{"sourceEplId":"28315","url":"https://www.healthecareers.com/healthcare-employer/a-berendt-associates-inc/28315","sjbEplId":3028},{"sourceEplId":"328034","url":"https://www.healthecareers.com/healthcare-employer/acclaim-physician-group/328034","sjbEplId":3029},{"sourceEplId":"372865","url":"https://www.healthecareers.com/healthcare-employer/adfinitas-at-meritus-medical-center/372865","sjbEplId":3030},{"sourceEplId":"372825","url":"https://www.healthecareers.com/healthcare-employer/adfinitas-at-charles-regional-medical-center/372825","sjbEplId":3031},{"sourceEplId":"1509","url":"https://www.healthecareers.com/healthcare-employer/adena-health-system/1509","sjbEplId":3032},{"sourceEplId":"80548","url":"https://www.healthecareers.com/healthcare-employer/adfinitas-health/80548","sjbEplId":3033},{"sourceEplId":"373855","url":"https://www.healthecareers.com/healthcare-employer/advanced-dermatology-and-cosmetic-surgery/373855","sjbEplId":3034},{"sourceEplId":"43980","url":"https://www.healthecareers.com/healthcare-employer/adkisson-search-consultants/43980","sjbEplId":3035},{"sourceEplId":"319409","url":"https://www.healthecareers.com/healthcare-employer/advanced-icu-care/319409","sjbEplId":3036},{"sourceEplId":"339146","url":"https://www.healthecareers.com/healthcare-employer/advanced-practice-solutions-llc/339146","sjbEplId":3037},{"sourceEplId":"50006","url":"https://www.healthecareers.com/healthcare-employer/advanced-specialty-care-pc/50006","sjbEplId":3038},{"sourceEplId":"325608","url":"https://www.healthecareers.com/healthcare-employer/advantagecare-physicians-acpny/325608","sjbEplId":3039},{"sourceEplId":"30239","url":"https://www.healthecareers.com/healthcare-employer/advocate-medical-group-west/30239","sjbEplId":3040},{"sourceEplId":"39920","url":"https://www.healthecareers.com/healthcare-employer/adventist-health/39920","sjbEplId":3041},{"sourceEplId":"364243","url":"https://www.healthecareers.com/healthcare-employer/advocate-medical-group/364243","sjbEplId":3042},{"sourceEplId":"320693","url":"https://www.healthecareers.com/healthcare-employer/affiliated-dermatology/320693","sjbEplId":3043},{"sourceEplId":"360855","url":"https://www.healthecareers.com/healthcare-employer/alameda-health-system/360855","sjbEplId":3044},{"sourceEplId":"81668","url":"https://www.healthecareers.com/healthcare-employer/albertsons-companies/81668","sjbEplId":3045},{"sourceEplId":"372057","url":"https://www.healthecareers.com/healthcare-employer/allegheny-health-network/372057","sjbEplId":3046},{"sourceEplId":"49700","url":"https://www.healthecareers.com/healthcare-employer/alliance-recruiting-resources/49700","sjbEplId":3047},{"sourceEplId":"353998","url":"https://www.healthecareers.com/healthcare-employer/alta-hospitals-system-llc/353998","sjbEplId":3048},{"sourceEplId":"32859","url":"https://www.healthecareers.com/healthcare-employer/altru-health-system-physician-recruiting/32859","sjbEplId":3049},{"sourceEplId":"56958","url":"https://www.healthecareers.com/healthcare-employer/american-dental-partners/56958","sjbEplId":3050},{"sourceEplId":"348978","url":"https://www.healthecareers.com/healthcare-employer/american-medical-consultants/348978","sjbEplId":3051},{"sourceEplId":"340781","url":"https://www.healthecareers.com/healthcare-employer/american-family-dentistry/340781","sjbEplId":3052},{"sourceEplId":"350765","url":"https://www.healthecareers.com/healthcare-employer/american-red-cross/350765","sjbEplId":3053},{"sourceEplId":"89859","url":"https://www.healthecareers.com/healthcare-employer/apollomd/89859","sjbEplId":3054},{"sourceEplId":"59261","url":"https://www.healthecareers.com/healthcare-employer/anne-arundel-dermatology/59261","sjbEplId":3055},{"sourceEplId":"61563","url":"https://www.healthecareers.com/healthcare-employer/andreasen-kent-gadient-associates-pc/61563","sjbEplId":3056},{"sourceEplId":"380729","url":"https://www.healthecareers.com/healthcare-employer/arkansas-childrens/380729","sjbEplId":3057},{"sourceEplId":"49152","url":"https://www.healthecareers.com/healthcare-employer/arnot-health/49152","sjbEplId":3058},{"sourceEplId":"56985","url":"https://www.healthecareers.com/healthcare-employer/arthur-marshall/56985","sjbEplId":3059},{"sourceEplId":"300949","url":"https://www.healthecareers.com/healthcare-employer/ascension-health/300949","sjbEplId":3060},{"sourceEplId":"335432","url":"https://www.healthecareers.com/healthcare-employer/ascend-hr-corp/335432","sjbEplId":3061},{"sourceEplId":"374637","url":"https://www.healthecareers.com/healthcare-employer/aspire-dermatology/374637","sjbEplId":3062},{"sourceEplId":"81236","url":"https://www.healthecareers.com/healthcare-employer/aspirus/81236","sjbEplId":3063},{"sourceEplId":"340782","url":"https://www.healthecareers.com/healthcare-employer/associated-dental-care-providers/340782","sjbEplId":3064},{"sourceEplId":"59793","url":"https://www.healthecareers.com/healthcare-employer/associates-in-family-medicine-pc/59793","sjbEplId":3065},{"sourceEplId":"353122","url":"https://www.healthecareers.com/healthcare-employer/associated-physicians-llp/353122","sjbEplId":3066},{"sourceEplId":"334500","url":"https://www.healthecareers.com/healthcare-employer/atlanticare/334500","sjbEplId":3067},{"sourceEplId":"50043","url":"https://www.healthecareers.com/healthcare-employer/atrius-health/50043","sjbEplId":3068},{"sourceEplId":"20974","url":"https://www.healthecareers.com/healthcare-employer/aurora-health-care/20974","sjbEplId":3069},{"sourceEplId":"307698","url":"https://www.healthecareers.com/healthcare-employer/ava-search-group-llc/307698","sjbEplId":3070},{"sourceEplId":"33198","url":"https://www.healthecareers.com/healthcare-employer/aurora-health-care/33198","sjbEplId":3071},{"sourceEplId":"94780","url":"https://www.healthecareers.com/healthcare-employer/caduceus-healthcare/94780","sjbEplId":3072},{"sourceEplId":"82042","url":"https://www.healthecareers.com/healthcare-employer/cambridge-health-alliance/82042","sjbEplId":3073},{"sourceEplId":"378062","url":"https://www.healthecareers.com/healthcare-employer/cancer-treatment-centers-of-america/378062","sjbEplId":3074},{"sourceEplId":"277948","url":"https://www.healthecareers.com/healthcare-employer/cape-cod-health-care/277948","sjbEplId":3075},{"sourceEplId":"346161","url":"https://www.healthecareers.com/healthcare-employer/cardiosolution/346161","sjbEplId":3076},{"sourceEplId":"357167","url":"https://www.healthecareers.com/healthcare-employer/cardiovascular-institute-of-the-south/357167","sjbEplId":3077},{"sourceEplId":"382688","url":"https://www.healthecareers.com/healthcare-employer/cape-fear-valley-health/382688","sjbEplId":3078},{"sourceEplId":"94673","url":"https://www.healthecareers.com/healthcare-employer/careatc/94673","sjbEplId":3079},{"sourceEplId":"318422","url":"https://www.healthecareers.com/healthcare-employer/caremore/318422","sjbEplId":3080},{"sourceEplId":"374032","url":"https://www.healthecareers.com/healthcare-employer/carle-foundation-hospital/374032","sjbEplId":3081},{"sourceEplId":"40926","url":"https://www.healthecareers.com/healthcare-employer/carilion-clinic/40926","sjbEplId":3082},{"sourceEplId":"34689","url":"https://www.healthecareers.com/healthcare-employer/carolina-physician-recruitment/34689","sjbEplId":3083},{"sourceEplId":"37782","url":"https://www.healthecareers.com/healthcare-employer/carolinas-healthcare-system/37782","sjbEplId":3084},{"sourceEplId":"376512","url":"https://www.healthecareers.com/healthcare-employer/carolinaeast-physicians/376512","sjbEplId":3085},{"sourceEplId":"330976","url":"https://www.healthecareers.com/healthcare-employer/carroll-health-group/330976","sjbEplId":3086},{"sourceEplId":"340801","url":"https://www.healthecareers.com/healthcare-employer/carus-dental/340801","sjbEplId":3087},{"sourceEplId":"29246","url":"https://www.healthecareers.com/healthcare-employer/catalina-medical-recruiters/29246","sjbEplId":3088},{"sourceEplId":"346349","url":"https://www.healthecareers.com/healthcare-employer/catholic-health-initiatives-fargo-operating/346349","sjbEplId":3089},{"sourceEplId":"278845","url":"https://www.healthecareers.com/healthcare-employer/catholic-health-system-buffalo/278845","sjbEplId":3090},{"sourceEplId":"66733","url":"https://www.healthecareers.com/healthcare-employer/catholic-health-system/66733","sjbEplId":3091},{"sourceEplId":"278645","url":"https://www.healthecareers.com/healthcare-employer/cayuga-medical-center-at-ithaca/278645","sjbEplId":3092},{"sourceEplId":"253316","url":"https://www.healthecareers.com/healthcare-employer/cedars-sinai/253316","sjbEplId":3093},{"sourceEplId":"31465","url":"https://www.healthecareers.com/healthcare-employer/cejka-executive-search/31465","sjbEplId":3094},{"sourceEplId":"67016","url":"https://www.healthecareers.com/healthcare-employer/cedars-sinai-medical-center/67016","sjbEplId":3095},{"sourceEplId":"1000","url":"https://www.healthecareers.com/healthcare-employer/cejka-search/1000","sjbEplId":3096},{"sourceEplId":"320399","url":"https://www.healthecareers.com/healthcare-employer/centra-medical-group/320399","sjbEplId":3097},{"sourceEplId":"41683","url":"https://www.healthecareers.com/healthcare-employer/centene-corporation/41683","sjbEplId":3098},{"sourceEplId":"46270","url":"https://www.healthecareers.com/healthcare-employer/centracare/46270","sjbEplId":3099},{"sourceEplId":"57691","url":"https://www.healthecareers.com/healthcare-employer/central-california-faculty-medical-group/57691","sjbEplId":3100},{"sourceEplId":"346611","url":"https://www.healthecareers.com/healthcare-employer/central-texas-ob-gyn-associates/346611","sjbEplId":3101},{"sourceEplId":"20100","url":"https://www.healthecareers.com/healthcare-employer/central-maine-medical-center/20100","sjbEplId":3102},{"sourceEplId":"322738","url":"https://www.healthecareers.com/healthcare-employer/centralcare-inc/322738","sjbEplId":3103},{"sourceEplId":"59131","url":"https://www.healthecareers.com/healthcare-employer/cep-america/59131","sjbEplId":3104},{"sourceEplId":"330619","url":"https://www.healthecareers.com/healthcare-employer/chartercare-health-partners/330619","sjbEplId":3105},{"sourceEplId":"372872","url":"https://www.healthecareers.com/healthcare-employer/chelsea-senior-living/372872","sjbEplId":3106},{"sourceEplId":"376722","url":"https://www.healthecareers.com/healthcare-employer/che-psychological-services/376722","sjbEplId":3107},{"sourceEplId":"350513","url":"https://www.healthecareers.com/healthcare-employer/chestnut-hills-dental/350513","sjbEplId":3108},{"sourceEplId":"37588","url":"https://www.healthecareers.com/healthcare-employer/chi-franciscan-health/37588","sjbEplId":3109},{"sourceEplId":"330926","url":"https://www.healthecareers.com/healthcare-employer/chi-health/330926","sjbEplId":3110},{"sourceEplId":"39195","url":"https://www.healthecareers.com/healthcare-employer/chi-health-clinic/39195","sjbEplId":3111},{"sourceEplId":"355479","url":"https://www.healthecareers.com/healthcare-employer/chi-st-lukes-health-memorial/355479","sjbEplId":3112},{"sourceEplId":"93742","url":"https://www.healthecareers.com/healthcare-employer/chi-memorial/93742","sjbEplId":3113},{"sourceEplId":"373146","url":"https://www.healthecareers.com/healthcare-employer/childrens-hospital-medical-center/373146","sjbEplId":3114},{"sourceEplId":"64041","url":"https://www.healthecareers.com/healthcare-employer/christus-trinity-mother-frances-health-system/64041","sjbEplId":3115},{"sourceEplId":"58416","url":"https://www.healthecareers.com/healthcare-employer/circle-health/58416","sjbEplId":3116},{"sourceEplId":"52622","url":"https://www.healthecareers.com/healthcare-employer/city-of-hope/52622","sjbEplId":3117},{"sourceEplId":"39578","url":"https://www.healthecareers.com/healthcare-employer/cincinnati-dental-services/39578","sjbEplId":3118},{"sourceEplId":"374395","url":"https://www.healthecareers.com/healthcare-employer/citymd/374395","sjbEplId":3119},{"sourceEplId":"290450","url":"https://www.healthecareers.com/healthcare-employer/cleveland-clinic/290450","sjbEplId":3120},{"sourceEplId":"327814","url":"https://www.healthecareers.com/healthcare-employer/coastal-orthopedics-sports-medicine/327814","sjbEplId":3121},{"sourceEplId":"47573","url":"https://www.healthecareers.com/healthcare-employer/colorado-springs-health-partners-a-davita-medical/47573","sjbEplId":3122},{"sourceEplId":"377546","url":"https://www.healthecareers.com/healthcare-employer/colorado-arthritis-associates/377546","sjbEplId":3123},{"sourceEplId":"359872","url":"https://www.healthecareers.com/healthcare-employer/columbia-st-marys/359872","sjbEplId":3124},{"sourceEplId":"342397","url":"https://www.healthecareers.com/healthcare-employer/columbus-regional-health/342397","sjbEplId":3125},{"sourceEplId":"90573","url":"https://www.healthecareers.com/healthcare-employer/community-health-network/90573","sjbEplId":3126},{"sourceEplId":"352586","url":"https://www.healthecareers.com/healthcare-employer/community-health-partnership/352586","sjbEplId":3127},{"sourceEplId":"85824","url":"https://www.healthecareers.com/healthcare-employer/community-health-services-of-lamoille-valley/85824","sjbEplId":3128},{"sourceEplId":"55991","url":"https://www.healthecareers.com/healthcare-employer/community-health-system/55991","sjbEplId":3129},{"sourceEplId":"1225","url":"https://www.healthecareers.com/healthcare-employer/comphealth/1225","sjbEplId":3130},{"sourceEplId":"31525","url":"https://www.healthecareers.com/healthcare-employer/cone-health/31525","sjbEplId":3131},{"sourceEplId":"360723","url":"https://www.healthecareers.com/healthcare-employer/concord-hospital/360723","sjbEplId":3132},{"sourceEplId":"328523","url":"https://www.healthecareers.com/healthcare-employer/cook-childrens/328523","sjbEplId":3133},{"sourceEplId":"42305","url":"https://www.healthecareers.com/healthcare-employer/connecticut-valley-oral-surgery-associates/42305","sjbEplId":3134},{"sourceEplId":"50980","url":"https://www.healthecareers.com/healthcare-employer/coordinated-health/50980","sjbEplId":3135},{"sourceEplId":"380321","url":"https://www.healthecareers.com/healthcare-employer/cosmetic-enhancement-center-of-new-england/380321","sjbEplId":3136},{"sourceEplId":"365941","url":"https://www.healthecareers.com/healthcare-employer/coxhealth/365941","sjbEplId":3137},{"sourceEplId":"89498","url":"https://www.healthecareers.com/healthcare-employer/county-of-riverside/89498","sjbEplId":3138},{"sourceEplId":"56744","url":"https://www.healthecareers.com/healthcare-employer/coxhealth-provider-recruitment/56744","sjbEplId":3139},{"sourceEplId":"339658","url":"https://www.healthecareers.com/healthcare-employer/crouse-hospital/339658","sjbEplId":3140},{"sourceEplId":"336044","url":"https://www.healthecareers.com/healthcare-employer/cvs-health/336044","sjbEplId":3141},{"sourceEplId":"342972","url":"https://www.healthecareers.com/healthcare-employer/k-and-b-surgical-center-and-khalili-center/342972","sjbEplId":3142},{"sourceEplId":"67153","url":"https://www.healthecareers.com/healthcare-employer/kaiser-permanente/67153","sjbEplId":3143},{"sourceEplId":"26680","url":"https://www.healthecareers.com/healthcare-employer/kaiser-permanente-colorado/26680","sjbEplId":3144},{"sourceEplId":"35981","url":"https://www.healthecareers.com/healthcare-employer/kadlec-regional-medical-center/35981","sjbEplId":3145},{"sourceEplId":"20880","url":"https://www.healthecareers.com/healthcare-employer/kaiser-permanente-the-permanente-medical-group-inc/20880","sjbEplId":3146},{"sourceEplId":"30724","url":"https://www.healthecareers.com/healthcare-employer/kaiser-permanente-southern-california/30724","sjbEplId":3147},{"sourceEplId":"28152","url":"https://www.healthecareers.com/healthcare-employer/kaiser-permanente-washington-permanente-medical/28152","sjbEplId":3148},{"sourceEplId":"382635","url":"https://www.healthecareers.com/healthcare-employer/kca-firm/382635","sjbEplId":3149},{"sourceEplId":"345157","url":"https://www.healthecareers.com/healthcare-employer/kendall-davis/345157","sjbEplId":3150},{"sourceEplId":"307642","url":"https://www.healthecareers.com/healthcare-employer/labette-health/307642","sjbEplId":3151},{"sourceEplId":"83486","url":"https://www.healthecareers.com/healthcare-employer/lahey-hospital-medical-center/83486","sjbEplId":3152},{"sourceEplId":"308106","url":"https://www.healthecareers.com/healthcare-employer/lakeland-health/308106","sjbEplId":3153},{"sourceEplId":"356252","url":"https://www.healthecareers.com/healthcare-employer/lakeland-regional-health/356252","sjbEplId":3154},{"sourceEplId":"22757","url":"https://www.healthecareers.com/healthcare-employer/lehigh-valley-hospital/22757","sjbEplId":3155},{"sourceEplId":"357742","url":"https://www.healthecareers.com/healthcare-employer/landmark-health/357742","sjbEplId":3156},{"sourceEplId":"81149","url":"https://www.healthecareers.com/healthcare-employer/lexington-clinic/81149","sjbEplId":3157},{"sourceEplId":"339874","url":"https://www.healthecareers.com/healthcare-employer/lexington-medical-center/339874","sjbEplId":3158},{"sourceEplId":"91887","url":"https://www.healthecareers.com/healthcare-employer/lifepoint-health/91887","sjbEplId":3159},{"sourceEplId":"377856","url":"https://www.healthecareers.com/healthcare-employer/lighthouse-nursing-inc/377856","sjbEplId":3160},{"sourceEplId":"382910","url":"https://www.healthecareers.com/healthcare-employer/lincolnhealth/382910","sjbEplId":3161},{"sourceEplId":"88263","url":"https://www.healthecareers.com/healthcare-employer/loma-linda-university-childrens-hospital/88263","sjbEplId":3162},{"sourceEplId":"50282","url":"https://www.healthecareers.com/healthcare-employer/loma-linda-university-health-system/50282","sjbEplId":3163},{"sourceEplId":"335405","url":"https://www.healthecareers.com/healthcare-employer/lovelace-medical-group/335405","sjbEplId":3164},{"sourceEplId":"83930","url":"https://www.healthecareers.com/healthcare-employer/loyola-university-medical-center/83930","sjbEplId":3165},{"sourceEplId":"49358","url":"https://www.healthecareers.com/healthcare-employer/pacific-medical-centers/49358","sjbEplId":3166},{"sourceEplId":"343612","url":"https://www.healthecareers.com/healthcare-employer/paladina-health/343612","sjbEplId":3167},{"sourceEplId":"353865","url":"https://www.healthecareers.com/healthcare-employer/palmetto-health/353865","sjbEplId":3168},{"sourceEplId":"79284","url":"https://www.healthecareers.com/healthcare-employer/palmetto-health-usc-medical-group/79284","sjbEplId":3169},{"sourceEplId":"64442","url":"https://www.healthecareers.com/healthcare-employer/palmetto-health-tuomey/64442","sjbEplId":3170},{"sourceEplId":"334951","url":"https://www.healthecareers.com/healthcare-employer/palo-alto-medical-foundation/334951","sjbEplId":3171},{"sourceEplId":"337034","url":"https://www.healthecareers.com/healthcare-employer/palomar-health/337034","sjbEplId":3172},{"sourceEplId":"21343","url":"https://www.healthecareers.com/healthcare-employer/park-nicollet-health-services/21343","sjbEplId":3173},{"sourceEplId":"57859","url":"https://www.healthecareers.com/healthcare-employer/parkview-health/57859","sjbEplId":3174},{"sourceEplId":"379015","url":"https://www.healthecareers.com/healthcare-employer/pathways-by-molina/379015","sjbEplId":3175},{"sourceEplId":"339882","url":"https://www.healthecareers.com/healthcare-employer/park-ridge-health/339882","sjbEplId":3176},{"sourceEplId":"23124","url":"https://www.healthecareers.com/healthcare-employer/peacehealth/23124","sjbEplId":3177},{"sourceEplId":"96719","url":"https://www.healthecareers.com/healthcare-employer/penn-state-health-st-joseph/96719","sjbEplId":3178},{"sourceEplId":"360459","url":"https://www.healthecareers.com/healthcare-employer/penn-state-hershey-health-system-physician/360459","sjbEplId":3179},{"sourceEplId":"344851","url":"https://www.healthecareers.com/healthcare-employer/peoples-health/344851","sjbEplId":3180},{"sourceEplId":"67264","url":"https://www.healthecareers.com/healthcare-employer/phoenix-childrens-hospital/67264","sjbEplId":3181},{"sourceEplId":"26739","url":"https://www.healthecareers.com/healthcare-employer/physicians-east-p-a/26739","sjbEplId":3182},{"sourceEplId":"337963","url":"https://www.healthecareers.com/healthcare-employer/physician-affiliate-group-of-new-york/337963","sjbEplId":3183},{"sourceEplId":"364632","url":"https://www.healthecareers.com/healthcare-employer/piedmont-healthcare/364632","sjbEplId":3184},{"sourceEplId":"89753","url":"https://www.healthecareers.com/healthcare-employer/physicians-primary-care/89753","sjbEplId":3185},{"sourceEplId":"377418","url":"https://www.healthecareers.com/healthcare-employer/pikeville-medical-center/377418","sjbEplId":3186},{"sourceEplId":"306957","url":"https://www.healthecareers.com/healthcare-employer/pih-health/306957","sjbEplId":3187},{"sourceEplId":"1178","url":"https://www.healthecareers.com/healthcare-employer/pinnacle-health-group/1178","sjbEplId":3188},{"sourceEplId":"355908","url":"https://www.healthecareers.com/healthcare-employer/platinum-business-corporation/355908","sjbEplId":3189},{"sourceEplId":"60499","url":"https://www.healthecareers.com/healthcare-employer/portage-health/60499","sjbEplId":3190},{"sourceEplId":"67274","url":"https://www.healthecareers.com/healthcare-employer/presbyterian-healthcare-services-physician/67274","sjbEplId":3191},{"sourceEplId":"363049","url":"https://www.healthecareers.com/healthcare-employer/presence-health/363049","sjbEplId":3192},{"sourceEplId":"58727","url":"https://www.healthecareers.com/healthcare-employer/presence-medical-group/58727","sjbEplId":3193},{"sourceEplId":"319641","url":"https://www.healthecareers.com/healthcare-employer/prevea-health-inc/319641","sjbEplId":3194},{"sourceEplId":"354544","url":"https://www.healthecareers.com/healthcare-employer/providence-hospital-of-mobile/354544","sjbEplId":3195},{"sourceEplId":"253932","url":"https://www.healthecareers.com/healthcare-employer/national-health-resources/253932","sjbEplId":3196},{"sourceEplId":"40193","url":"https://www.healthecareers.com/healthcare-employer/providence-st-joseph-health/40193","sjbEplId":3197},{"sourceEplId":"67220","url":"https://www.healthecareers.com/healthcare-employer/national-jewish-health/67220","sjbEplId":3198},{"sourceEplId":"50570","url":"https://www.healthecareers.com/healthcare-employer/national-medical-services/50570","sjbEplId":3199},{"sourceEplId":"353548","url":"https://www.healthecareers.com/healthcare-employer/nea-baptist-health-system/353548","sjbEplId":3200},{"sourceEplId":"364183","url":"https://www.healthecareers.com/healthcare-employer/new-brunswick-cardiology-group/364183","sjbEplId":3201},{"sourceEplId":"49977","url":"https://www.healthecareers.com/healthcare-employer/new-england-physician-recruitment/49977","sjbEplId":3202},{"sourceEplId":"317922","url":"https://www.healthecareers.com/healthcare-employer/new-hanover-regional-medical-center/317922","sjbEplId":3203},{"sourceEplId":"317954","url":"https://www.healthecareers.com/healthcare-employer/new-mexico-heart-institute/317954","sjbEplId":3204},{"sourceEplId":"85931","url":"https://www.healthecareers.com/healthcare-employer/northshore-university-healthsystem/85931","sjbEplId":3205},{"sourceEplId":"328074","url":"https://www.healthecareers.com/healthcare-employer/northwell-health-physician-partners/328074","sjbEplId":3206},{"sourceEplId":"59515","url":"https://www.healthecareers.com/healthcare-employer/north-memorial-health/59515","sjbEplId":3207},{"sourceEplId":"1351","url":"https://www.healthecareers.com/healthcare-employer/northwest-permanente-pc/1351","sjbEplId":3208},{"sourceEplId":"96697","url":"https://www.healthecareers.com/healthcare-employer/northwestern-medical-center/96697","sjbEplId":3209},{"sourceEplId":"342575","url":"https://www.healthecareers.com/healthcare-employer/northwestern-medicine-regional-medical-group/342575","sjbEplId":3210},{"sourceEplId":"334561","url":"https://www.healthecareers.com/healthcare-employer/np-now/334561","sjbEplId":3211},{"sourceEplId":"372528","url":"https://www.healthecareers.com/healthcare-employer/nyu-langone-medical-center/372528","sjbEplId":3212},{"sourceEplId":"366114","url":"https://www.healthecareers.com/healthcare-employer/nyu-langone-medical-center/366114","sjbEplId":3213},{"sourceEplId":"372832","url":"https://www.healthecareers.com/healthcare-employer/quorum-health/372832","sjbEplId":3214},{"sourceEplId":"354009","url":"https://www.healthecareers.com/healthcare-employer/quadmed/354009","sjbEplId":3215},{"sourceEplId":"1235","url":"https://www.healthecareers.com/healthcare-employer/ochsner-health-system/1235","sjbEplId":3216},{"sourceEplId":"247874","url":"https://www.healthecareers.com/healthcare-employer/ob-hospitalist-group/247874","sjbEplId":3217},{"sourceEplId":"32323","url":"https://www.healthecareers.com/healthcare-employer/ohiohealth/32323","sjbEplId":3218},{"sourceEplId":"330390","url":"https://www.healthecareers.com/healthcare-employer/oklahoma-heart-institute/330390","sjbEplId":3219},{"sourceEplId":"353022","url":"https://www.healthecareers.com/healthcare-employer/olansky-dermatology-associates/353022","sjbEplId":3220},{"sourceEplId":"65158","url":"https://www.healthecareers.com/healthcare-employer/olesky-associates/65158","sjbEplId":3221},{"sourceEplId":"339671","url":"https://www.healthecareers.com/healthcare-employer/olmsted-medical-center/339671","sjbEplId":3222},{"sourceEplId":"377870","url":"https://www.healthecareers.com/healthcare-employer/oral-surgery-practice/377870","sjbEplId":3223},{"sourceEplId":"20836","url":"https://www.healthecareers.com/healthcare-employer/oregon-medical-group/20836","sjbEplId":3224},{"sourceEplId":"366462","url":"https://www.healthecareers.com/healthcare-employer/osf-healthcare/366462","sjbEplId":3225},{"sourceEplId":"377018","url":"https://www.healthecareers.com/healthcare-employer/outside-in/377018","sjbEplId":3226},{"sourceEplId":"352237","url":"https://www.healthecareers.com/healthcare-employer/orlando-health/352237","sjbEplId":3227},{"sourceEplId":"349668","url":"https://www.healthecareers.com/healthcare-employer/sacramento-oral-surgery/349668","sjbEplId":3228},{"sourceEplId":"34008","url":"https://www.healthecareers.com/healthcare-employer/saint-francis-hospital-and-medical-center/34008","sjbEplId":3229},{"sourceEplId":"375413","url":"https://www.healthecareers.com/healthcare-employer/saint-lukes-health-system/375413","sjbEplId":3230},{"sourceEplId":"345388","url":"https://www.healthecareers.com/healthcare-employer/saint-marys-hospital/345388","sjbEplId":3231},{"sourceEplId":"35320","url":"https://www.healthecareers.com/healthcare-employer/saint-vincent-hospital/35320","sjbEplId":3232},{"sourceEplId":"94337","url":"https://www.healthecareers.com/healthcare-employer/samaritan-health-services/94337","sjbEplId":3233},{"sourceEplId":"37557","url":"https://www.healthecareers.com/healthcare-employer/samaritan-medical-center/37557","sjbEplId":3234},{"sourceEplId":"343945","url":"https://www.healthecareers.com/healthcare-employer/san-juan-regional-medical-center/343945","sjbEplId":3235},{"sourceEplId":"362176","url":"https://www.healthecareers.com/healthcare-employer/sanford-health/362176","sjbEplId":3236},{"sourceEplId":"340287","url":"https://www.healthecareers.com/healthcare-employer/sanford-health-bemidji-mn/340287","sjbEplId":3237},{"sourceEplId":"346440","url":"https://www.healthecareers.com/healthcare-employer/sanford-health-bismark-nd/346440","sjbEplId":3238},{"sourceEplId":"93728","url":"https://www.healthecareers.com/healthcare-employer/sanford-health-south-division/93728","sjbEplId":3239},{"sourceEplId":"1105","url":"https://www.healthecareers.com/healthcare-employer/sanford-health-north-division/1105","sjbEplId":3240},{"sourceEplId":"319498","url":"https://www.healthecareers.com/healthcare-employer/sant%c3%a9-consulting-llc/319498","sjbEplId":3241},{"sourceEplId":"35428","url":"https://www.healthecareers.com/healthcare-employer/saratoga-county-oral-and-maxillofacial-surgery/35428","sjbEplId":3242},{"sourceEplId":"374599","url":"https://www.healthecareers.com/healthcare-employer/scenic-rivers-health-services/374599","sjbEplId":3243},{"sourceEplId":"339480","url":"https://www.healthecareers.com/healthcare-employer/scioinspire/339480","sjbEplId":3244},{"sourceEplId":"47345","url":"https://www.healthecareers.com/healthcare-employer/scl-health-system/47345","sjbEplId":3245},{"sourceEplId":"44565","url":"https://www.healthecareers.com/healthcare-employer/schumacher-clinical-partners/44565","sjbEplId":3246},{"sourceEplId":"359504","url":"https://www.healthecareers.com/healthcare-employer/scl-health-provider-recruiting/359504","sjbEplId":3247},{"sourceEplId":"336559","url":"https://www.healthecareers.com/healthcare-employer/sentara-martha-jefferson-hospital/336559","sjbEplId":3248},{"sourceEplId":"86297","url":"https://www.healthecareers.com/healthcare-employer/sentara-medical-group/86297","sjbEplId":3249},{"sourceEplId":"337890","url":"https://www.healthecareers.com/healthcare-employer/sentara-rmh-medical-center/337890","sjbEplId":3250},{"sourceEplId":"67303","url":"https://www.healthecareers.com/healthcare-employer/seton-healthcare-family/67303","sjbEplId":3251},{"sourceEplId":"32594","url":"https://www.healthecareers.com/healthcare-employer/sherriff-associates-inc/32594","sjbEplId":3252},{"sourceEplId":"95721","url":"https://www.healthecareers.com/healthcare-employer/sibley-memorial-hospital/95721","sjbEplId":3253},{"sourceEplId":"380504","url":"https://www.healthecareers.com/healthcare-employer/skin-solutions-dermatology-and-skin-cancer-surgery/380504","sjbEplId":3254},{"sourceEplId":"344929","url":"https://www.healthecareers.com/healthcare-employer/south-florida-ent-associates-pa/344929","sjbEplId":3255},{"sourceEplId":"63689","url":"https://www.healthecareers.com/healthcare-employer/sound-physicians/63689","sjbEplId":3256},{"sourceEplId":"367949","url":"https://www.healthecareers.com/healthcare-employer/solis-mammography/367949","sjbEplId":3257},{"sourceEplId":"65994","url":"https://www.healthecareers.com/healthcare-employer/south-county-health/65994","sjbEplId":3258},{"sourceEplId":"48115","url":"https://www.healthecareers.com/healthcare-employer/southcentral-foundation/48115","sjbEplId":3259},{"sourceEplId":"325469","url":"https://www.healthecareers.com/healthcare-employer/southcoast-health/325469","sjbEplId":3260},{"sourceEplId":"92379","url":"https://www.healthecareers.com/healthcare-employer/southeastern-integrated-medical-pl/92379","sjbEplId":3261},{"sourceEplId":"37259","url":"https://www.healthecareers.com/healthcare-employer/southwest-behavioral-health-services/37259","sjbEplId":3262},{"sourceEplId":"56672","url":"https://www.healthecareers.com/healthcare-employer/sparrow-health-system-physician/56672","sjbEplId":3263},{"sourceEplId":"30625","url":"https://www.healthecareers.com/healthcare-employer/spartanburg-regional-healthcare-system/30625","sjbEplId":3264},{"sourceEplId":"42774","url":"https://www.healthecareers.com/healthcare-employer/spectrum-healthcare-resources/42774","sjbEplId":3265},{"sourceEplId":"371943","url":"https://www.healthecareers.com/healthcare-employer/ssm-health/371943","sjbEplId":3266},{"sourceEplId":"370666","url":"https://www.healthecareers.com/healthcare-employer/st-charles-health-system/370666","sjbEplId":3267},{"sourceEplId":"358438","url":"https://www.healthecareers.com/healthcare-employer/st-joseph-health/358438","sjbEplId":3268},{"sourceEplId":"333499","url":"https://www.healthecareers.com/healthcare-employer/st-john-providence-health-system/333499","sjbEplId":3269},{"sourceEplId":"278721","url":"https://www.healthecareers.com/healthcare-employer/st-johns-episcopal-hospital/278721","sjbEplId":3270},{"sourceEplId":"68844","url":"https://www.healthecareers.com/healthcare-employer/st-joseph-heritage-healthcare/68844","sjbEplId":3271},{"sourceEplId":"45651","url":"https://www.healthecareers.com/healthcare-employer/st-joseph-hospital/45651","sjbEplId":3272},{"sourceEplId":"278546","url":"https://www.healthecareers.com/healthcare-employer/st-lukes-university-health-network/278546","sjbEplId":3273},{"sourceEplId":"307847","url":"https://www.healthecareers.com/healthcare-employer/st-lukes-university-health-network/307847","sjbEplId":3274},{"sourceEplId":"65636","url":"https://www.healthecareers.com/healthcare-employer/st-marys-regional-medical-center/65636","sjbEplId":3275},{"sourceEplId":"345443","url":"https://www.healthecareers.com/healthcare-employer/st-peters-health-partners/345443","sjbEplId":3276},{"sourceEplId":"359773","url":"https://www.healthecareers.com/healthcare-employer/st-vincent-healthcare/359773","sjbEplId":3277},{"sourceEplId":"326836","url":"https://www.healthecareers.com/healthcare-employer/st-vincent-healthcare/326836","sjbEplId":3278},{"sourceEplId":"62956","url":"https://www.healthecareers.com/healthcare-employer/st-vincents-medical-center/62956","sjbEplId":3279},{"sourceEplId":"320299","url":"https://www.healthecareers.com/healthcare-employer/stamford-health-medical-group/320299","sjbEplId":3280},{"sourceEplId":"331394","url":"https://www.healthecareers.com/healthcare-employer/stanford-health-care/331394","sjbEplId":3281},{"sourceEplId":"28999","url":"https://www.healthecareers.com/healthcare-employer/stanford-health-care/28999","sjbEplId":3282},{"sourceEplId":"34982","url":"https://www.healthecareers.com/healthcare-employer/sterling-medical/34982","sjbEplId":3283},{"sourceEplId":"65387","url":"https://www.healthecareers.com/healthcare-employer/steward-health-care-llc/65387","sjbEplId":3284},{"sourceEplId":"22761","url":"https://www.healthecareers.com/healthcare-employer/stratum-med-inc/22761","sjbEplId":3285},{"sourceEplId":"64230","url":"https://www.healthecareers.com/healthcare-employer/sutter-gould-medical-foundation/64230","sjbEplId":3286},{"sourceEplId":"20140","url":"https://www.healthecareers.com/healthcare-employer/summit-health/20140","sjbEplId":3287},{"sourceEplId":"366381","url":"https://www.healthecareers.com/healthcare-employer/sutter-health/366381","sjbEplId":3288},{"sourceEplId":"375607","url":"https://www.healthecareers.com/healthcare-employer/summit-medical-group/375607","sjbEplId":3289},{"sourceEplId":"22179","url":"https://www.healthecareers.com/healthcare-employer/sutter-health-sacramento-sierra-region/22179","sjbEplId":3290},{"sourceEplId":"96639","url":"https://www.healthecareers.com/healthcare-employer/sutter-pacific-medical-foundation/96639","sjbEplId":3291},{"sourceEplId":"55352","url":"https://www.healthecareers.com/healthcare-employer/swedish-medical-group/55352","sjbEplId":3292},{"sourceEplId":"20101","url":"https://www.healthecareers.com/healthcare-employer/swedishamerican-health-system/20101","sjbEplId":3293},{"sourceEplId":"333933","url":"https://www.healthecareers.com/healthcare-employer/sutter-health-east-bay/333933","sjbEplId":3294},{"sourceEplId":"342766","url":"https://www.healthecareers.com/healthcare-employer/synergy-surgicalists/342766","sjbEplId":3295},{"sourceEplId":"379391","url":"https://www.healthecareers.com/healthcare-employer/tak-medical-group/379391","sjbEplId":3296},{"sourceEplId":"53116","url":"https://www.healthecareers.com/healthcare-employer/tanner-health-system/53116","sjbEplId":3297},{"sourceEplId":"89533","url":"https://www.healthecareers.com/healthcare-employer/teamhealth/89533","sjbEplId":3298},{"sourceEplId":"80054","url":"https://www.healthecareers.com/healthcare-employer/teedco-healthcare-recruiting/80054","sjbEplId":3299},{"sourceEplId":"79653","url":"https://www.healthecareers.com/healthcare-employer/texas-health-physicians-group/79653","sjbEplId":3300},{"sourceEplId":"364789","url":"https://www.healthecareers.com/healthcare-employer/the-aroostook-medical-center/364789","sjbEplId":3301},{"sourceEplId":"38380","url":"https://www.healthecareers.com/healthcare-employer/the-doctors-clinic/38380","sjbEplId":3302},{"sourceEplId":"331564","url":"https://www.healthecareers.com/healthcare-employer/the-geo-group-inc/331564","sjbEplId":3303},{"sourceEplId":"68667","url":"https://www.healthecareers.com/healthcare-employer/the-intensivist-group/68667","sjbEplId":3304},{"sourceEplId":"96709","url":"https://www.healthecareers.com/healthcare-employer/the-physician-network/96709","sjbEplId":3305},{"sourceEplId":"372053","url":"https://www.healthecareers.com/healthcare-employer/the-neurology-center-of-southern-california/372053","sjbEplId":3306},{"sourceEplId":"28324","url":"https://www.healthecareers.com/healthcare-employer/the-university-of-vermont-medical-center/28324","sjbEplId":3307},{"sourceEplId":"91868","url":"https://www.healthecareers.com/healthcare-employer/the-polyclinic/91868","sjbEplId":3308},{"sourceEplId":"90750","url":"https://www.healthecareers.com/healthcare-employer/the-us-oncology-network/90750","sjbEplId":3309},{"sourceEplId":"378018","url":"https://www.healthecareers.com/healthcare-employer/the-south-bend-clinic/378018","sjbEplId":3310},{"sourceEplId":"324040","url":"https://www.healthecareers.com/healthcare-employer/tidelands-health/324040","sjbEplId":3311},{"sourceEplId":"320921","url":"https://www.healthecareers.com/healthcare-employer/thmed/320921","sjbEplId":3312},{"sourceEplId":"349033","url":"https://www.healthecareers.com/healthcare-employer/touchstone-medical-imaging-llc/349033","sjbEplId":3313},{"sourceEplId":"363052","url":"https://www.healthecareers.com/healthcare-employer/trihealth-physician-partners/363052","sjbEplId":3314},{"sourceEplId":"358860","url":"https://www.healthecareers.com/healthcare-employer/trinity-health/358860","sjbEplId":3315},{"sourceEplId":"354351","url":"https://www.healthecareers.com/healthcare-employer/trios-health/354351","sjbEplId":3316},{"sourceEplId":"54973","url":"https://www.healthecareers.com/healthcare-employer/tucson-medical-center/54973","sjbEplId":3317},{"sourceEplId":"34507","url":"https://www.healthecareers.com/healthcare-employer/tyler-company/34507","sjbEplId":3318},{"sourceEplId":"362316","url":"https://www.healthecareers.com/healthcare-employer/radnet-management-inc/362316","sjbEplId":3319},{"sourceEplId":"337849","url":"https://www.healthecareers.com/healthcare-employer/tufts-medical-center-physicians-org/337849","sjbEplId":3320},{"sourceEplId":"26523","url":"https://www.healthecareers.com/healthcare-employer/reading-health-system/26523","sjbEplId":3321},{"sourceEplId":"87137","url":"https://www.healthecareers.com/healthcare-employer/reading-health-system/87137","sjbEplId":3322},{"sourceEplId":"49802","url":"https://www.healthecareers.com/healthcare-employer/recruitmd/49802","sjbEplId":3323},{"sourceEplId":"360940","url":"https://www.healthecareers.com/healthcare-employer/reliant-medical-group/360940","sjbEplId":3324},{"sourceEplId":"372353","url":"https://www.healthecareers.com/healthcare-employer/results-physiotherapy/372353","sjbEplId":3325},{"sourceEplId":"368551","url":"https://www.healthecareers.com/healthcare-employer/revere-health-intermountain-utah-valley-cardiology/368551","sjbEplId":3326},{"sourceEplId":"371560","url":"https://www.healthecareers.com/healthcare-employer/righttime-medical-care/371560","sjbEplId":3327},{"sourceEplId":"325689","url":"https://www.healthecareers.com/healthcare-employer/riverside-medical-clinic/325689","sjbEplId":3328},{"sourceEplId":"27353","url":"https://www.healthecareers.com/healthcare-employer/riverside-healthcare/27353","sjbEplId":3329},{"sourceEplId":"49245","url":"https://www.healthecareers.com/healthcare-employer/robert-wood-johnson-physician-enterprise/49245","sjbEplId":3330},{"sourceEplId":"1361","url":"https://www.healthecareers.com/healthcare-employer/rocky-mountain-medical-search/1361","sjbEplId":3331},{"sourceEplId":"60115","url":"https://www.healthecareers.com/healthcare-employer/rochester-regional-health/60115","sjbEplId":3332},{"sourceEplId":"373560","url":"https://www.healthecareers.com/healthcare-employer/rogers-memorial-hospital/373560","sjbEplId":3333},{"sourceEplId":"86442","url":"https://www.healthecareers.com/healthcare-employer/roper-st-francis-healthcare/86442","sjbEplId":3334},{"sourceEplId":"55446","url":"https://www.healthecareers.com/healthcare-employer/rush-university-medical-center/55446","sjbEplId":3335},{"sourceEplId":"344534","url":"https://www.healthecareers.com/healthcare-employer/rwjbarnabas-health/344534","sjbEplId":3336},{"sourceEplId":"328565","url":"https://www.healthecareers.com/healthcare-employer/macon-occupational-medicine/328565","sjbEplId":3337},{"sourceEplId":"341010","url":"https://www.healthecareers.com/healthcare-employer/mainehealth/341010","sjbEplId":3338},{"sourceEplId":"60864","url":"https://www.healthecareers.com/healthcare-employer/main-line-health/60864","sjbEplId":3339},{"sourceEplId":"30069","url":"https://www.healthecareers.com/healthcare-employer/maine-general-medical-center/30069","sjbEplId":3340},{"sourceEplId":"331263","url":"https://www.healthecareers.com/healthcare-employer/marina-del-rey-hospital/331263","sjbEplId":3341},{"sourceEplId":"1303","url":"https://www.healthecareers.com/healthcare-employer/marshfield-clinic/1303","sjbEplId":3342},{"sourceEplId":"22988","url":"https://www.healthecareers.com/healthcare-employer/mayo-clinic/22988","sjbEplId":3343},{"sourceEplId":"63711","url":"https://www.healthecareers.com/healthcare-employer/mayo-clinic-arizona/63711","sjbEplId":3344},{"sourceEplId":"49921","url":"https://www.healthecareers.com/healthcare-employer/mcleod-health/49921","sjbEplId":3345},{"sourceEplId":"372819","url":"https://www.healthecareers.com/healthcare-employer/mdics-at-anne-arundel-medical-center/372819","sjbEplId":3346},{"sourceEplId":"372861","url":"https://www.healthecareers.com/healthcare-employer/mdics-at-baltimore-washington-medical-center/372861","sjbEplId":3347},{"sourceEplId":"372821","url":"https://www.healthecareers.com/healthcare-employer/mdics-at-bon-secours-hospital/372821","sjbEplId":3348},{"sourceEplId":"372824","url":"https://www.healthecareers.com/healthcare-employer/mdics-at-carroll-hospital-center/372824","sjbEplId":3349},{"sourceEplId":"372864","url":"https://www.healthecareers.com/healthcare-employer/mdics-at-easton-memorial-hospital/372864","sjbEplId":3350},{"sourceEplId":"372868","url":"https://www.healthecareers.com/healthcare-employer/mdics-at-medstar-southern-maryland-hospital/372868","sjbEplId":3351},{"sourceEplId":"375073","url":"https://www.healthecareers.com/healthcare-employer/mdics-at-university-of-maryland-rehabilitation/375073","sjbEplId":3352},{"sourceEplId":"372867","url":"https://www.healthecareers.com/healthcare-employer/mdics-at-washington-adventist-hospital/372867","sjbEplId":3353},{"sourceEplId":"20466","url":"https://www.healthecareers.com/healthcare-employer/meadville-medical-center/20466","sjbEplId":3354},{"sourceEplId":"32496","url":"https://www.healthecareers.com/healthcare-employer/mdr-healthcare-search/32496","sjbEplId":3355},{"sourceEplId":"40960","url":"https://www.healthecareers.com/healthcare-employer/medcor-inc/40960","sjbEplId":3356},{"sourceEplId":"22230","url":"https://www.healthecareers.com/healthcare-employer/medical-staffing-associates/22230","sjbEplId":3357},{"sourceEplId":"40826","url":"https://www.healthecareers.com/healthcare-employer/medical-arts-assoc/40826","sjbEplId":3358},{"sourceEplId":"66442","url":"https://www.healthecareers.com/healthcare-employer/medical-associates-of-the-hudson-valley/66442","sjbEplId":3359},{"sourceEplId":"347799","url":"https://www.healthecareers.com/healthcare-employer/medifast-weight-control-centers/347799","sjbEplId":3360},{"sourceEplId":"369645","url":"https://www.healthecareers.com/healthcare-employer/mednax/369645","sjbEplId":3361},{"sourceEplId":"96555","url":"https://www.healthecareers.com/healthcare-employer/medstar-medical-group/96555","sjbEplId":3362},{"sourceEplId":"54516","url":"https://www.healthecareers.com/healthcare-employer/memorial-healthcare-system/54516","sjbEplId":3363},{"sourceEplId":"88804","url":"https://www.healthecareers.com/healthcare-employer/memorial-hermann-health-system/88804","sjbEplId":3364},{"sourceEplId":"16094","url":"https://www.healthecareers.com/healthcare-employer/mercy-clinic/16094","sjbEplId":3365},{"sourceEplId":"47219","url":"https://www.healthecareers.com/healthcare-employer/mercy-clinic/47219","sjbEplId":3366},{"sourceEplId":"355669","url":"https://www.healthecareers.com/healthcare-employer/memorial-university-medical-center/355669","sjbEplId":3367},{"sourceEplId":"347154","url":"https://www.healthecareers.com/healthcare-employer/memorialcare-medical-foundation/347154","sjbEplId":3368},{"sourceEplId":"329436","url":"https://www.healthecareers.com/healthcare-employer/mercy-clinic-oklahoma-communities-inc/329436","sjbEplId":3369},{"sourceEplId":"347273","url":"https://www.healthecareers.com/healthcare-employer/mercy-medical-center/347273","sjbEplId":3370},{"sourceEplId":"92346","url":"https://www.healthecareers.com/healthcare-employer/mercy-medical-center/92346","sjbEplId":3371},{"sourceEplId":"53824","url":"https://www.healthecareers.com/healthcare-employer/mercy-medical-center-des-moines/53824","sjbEplId":3372},{"sourceEplId":"329032","url":"https://www.healthecareers.com/healthcare-employer/mercy-medical-center-north-iowa/329032","sjbEplId":3373},{"sourceEplId":"30144","url":"https://www.healthecareers.com/healthcare-employer/mercyhealth/30144","sjbEplId":3374},{"sourceEplId":"377224","url":"https://www.healthecareers.com/healthcare-employer/meritas-health-north-kansas-city-hospital/377224","sjbEplId":3375},{"sourceEplId":"331960","url":"https://www.healthecareers.com/healthcare-employer/meritus-health/331960","sjbEplId":3376},{"sourceEplId":"44141","url":"https://www.healthecareers.com/healthcare-employer/merritt-hawkins/44141","sjbEplId":3377},{"sourceEplId":"367627","url":"https://www.healthecareers.com/healthcare-employer/mid-florida-dermatology-plastic-surgery/367627","sjbEplId":3378},{"sourceEplId":"82665","url":"https://www.healthecareers.com/healthcare-employer/metro-infectious-disease-consultants/82665","sjbEplId":3379},{"sourceEplId":"34740","url":"https://www.healthecareers.com/healthcare-employer/mid-atlantic-permanente-medical-group/34740","sjbEplId":3380},{"sourceEplId":"48549","url":"https://www.healthecareers.com/healthcare-employer/midwest-orthopaedics-at-rush/48549","sjbEplId":3381},{"sourceEplId":"278573","url":"https://www.healthecareers.com/healthcare-employer/middlesex-hospital/278573","sjbEplId":3382},{"sourceEplId":"57546","url":"https://www.healthecareers.com/healthcare-employer/minnesota-department-of-human-services/57546","sjbEplId":3383},{"sourceEplId":"308314","url":"https://www.healthecareers.com/healthcare-employer/mission-health/308314","sjbEplId":3384},{"sourceEplId":"51446","url":"https://www.healthecareers.com/healthcare-employer/mohawk-valley-health-system/51446","sjbEplId":3385},{"sourceEplId":"378757","url":"https://www.healthecareers.com/healthcare-employer/molina-healthcare/378757","sjbEplId":3386},{"sourceEplId":"335008","url":"https://www.healthecareers.com/healthcare-employer/mount-carmel-health/335008","sjbEplId":3387},{"sourceEplId":"366836","url":"https://www.healthecareers.com/healthcare-employer/morris-hospital-healthcare-centers/366836","sjbEplId":3388},{"sourceEplId":"48328","url":"https://www.healthecareers.com/healthcare-employer/mountain-states-health-alliance/48328","sjbEplId":3389},{"sourceEplId":"354887","url":"https://www.healthecareers.com/healthcare-employer/mountain-view-medical-group/354887","sjbEplId":3390},{"sourceEplId":"44474","url":"https://www.healthecareers.com/healthcare-employer/multicare-health-system/44474","sjbEplId":3391},{"sourceEplId":"91179","url":"https://www.healthecareers.com/healthcare-employer/uams-medical-center/91179","sjbEplId":3392},{"sourceEplId":"362253","url":"https://www.healthecareers.com/healthcare-employer/my-derm-recruiter/362253","sjbEplId":3393},{"sourceEplId":"60432","url":"https://www.healthecareers.com/healthcare-employer/uchealth/60432","sjbEplId":3394},{"sourceEplId":"67400","url":"https://www.healthecareers.com/healthcare-employer/ucla-health-and-david-geffen-school-of-medicine/67400","sjbEplId":3395},{"sourceEplId":"280133","url":"https://www.healthecareers.com/healthcare-employer/uhs/280133","sjbEplId":3396},{"sourceEplId":"65807","url":"https://www.healthecareers.com/healthcare-employer/united-hospital-center/65807","sjbEplId":3397},{"sourceEplId":"367587","url":"https://www.healthecareers.com/healthcare-employer/unified-physician-management/367587","sjbEplId":3398},{"sourceEplId":"324568","url":"https://www.healthecareers.com/healthcare-employer/unc-health-care/324568","sjbEplId":3399},{"sourceEplId":"65637","url":"https://www.healthecareers.com/healthcare-employer/umass-memorial-medical-center/65637","sjbEplId":3400},{"sourceEplId":"52051","url":"https://www.healthecareers.com/healthcare-employer/unitypoint-clinic/52051","sjbEplId":3401},{"sourceEplId":"358120","url":"https://www.healthecareers.com/healthcare-employer/university-dental-associates/358120","sjbEplId":3402},{"sourceEplId":"84750","url":"https://www.healthecareers.com/healthcare-employer/university-hospitals-of-cleveland-medical-center/84750","sjbEplId":3403},{"sourceEplId":"359777","url":"https://www.healthecareers.com/healthcare-employer/university-medical-center-of-southern-nevada/359777","sjbEplId":3404},{"sourceEplId":"328519","url":"https://www.healthecareers.com/healthcare-employer/university-medicine/328519","sjbEplId":3405},{"sourceEplId":"86833","url":"https://www.healthecareers.com/healthcare-employer/university-of-florida-ob-gyn-department/86833","sjbEplId":3406},{"sourceEplId":"363234","url":"https://www.healthecareers.com/healthcare-employer/university-of-kentucky/363234","sjbEplId":3407},{"sourceEplId":"370356","url":"https://www.healthecareers.com/healthcare-employer/university-of-maryland-baltimore-washington/370356","sjbEplId":3408},{"sourceEplId":"346400","url":"https://www.healthecareers.com/healthcare-employer/university-of-kentucky-gill-heart-institute/346400","sjbEplId":3409},{"sourceEplId":"370358","url":"https://www.healthecareers.com/healthcare-employer/university-of-maryland-charles-regional-medical/370358","sjbEplId":3410},{"sourceEplId":"370361","url":"https://www.healthecareers.com/healthcare-employer/university-of-maryland-medical-center-midtown/370361","sjbEplId":3411},{"sourceEplId":"86918","url":"https://www.healthecareers.com/healthcare-employer/university-of-maryland-medical-system/86918","sjbEplId":3412},{"sourceEplId":"370359","url":"https://www.healthecareers.com/healthcare-employer/university-of-maryland-medical-system-em/370359","sjbEplId":3413},{"sourceEplId":"370366","url":"https://www.healthecareers.com/healthcare-employer/university-of-maryland-rehabilitation-orthopaedic/370366","sjbEplId":3414},{"sourceEplId":"370360","url":"https://www.healthecareers.com/healthcare-employer/university-of-maryland-school-of-medicine-um-som/370360","sjbEplId":3415},{"sourceEplId":"370362","url":"https://www.healthecareers.com/healthcare-employer/university-of-maryland-shore-regional-health-umsrh/370362","sjbEplId":3416},{"sourceEplId":"370363","url":"https://www.healthecareers.com/healthcare-employer/university-of-maryland-st-joseph-medical-center-um/370363","sjbEplId":3417},{"sourceEplId":"365027","url":"https://www.healthecareers.com/healthcare-employer/university-of-vermont-college-of-medicine-division/365027","sjbEplId":3418},{"sourceEplId":"348102","url":"https://www.healthecareers.com/healthcare-employer/university-of-minnesota-physicians/348102","sjbEplId":3419},{"sourceEplId":"370364","url":"https://www.healthecareers.com/healthcare-employer/university-of-maryland-upper-chesapeake-health-um/370364","sjbEplId":3420},{"sourceEplId":"1163","url":"https://www.healthecareers.com/healthcare-employer/university-of-vermont-health-network-champlain/1163","sjbEplId":3421},{"sourceEplId":"42443","url":"https://www.healthecareers.com/healthcare-employer/university-of-wisconsin/42443","sjbEplId":3422},{"sourceEplId":"89694","url":"https://www.healthecareers.com/healthcare-employer/unm-hospitals/89694","sjbEplId":3423},{"sourceEplId":"81667","url":"https://www.healthecareers.com/healthcare-employer/upmc/81667","sjbEplId":3424},{"sourceEplId":"321095","url":"https://www.healthecareers.com/healthcare-employer/upmc-hamot/321095","sjbEplId":3425},{"sourceEplId":"327472","url":"https://www.healthecareers.com/healthcare-employer/upmc-susquehanna/327472","sjbEplId":3426},{"sourceEplId":"52328","url":"https://www.healthecareers.com/healthcare-employer/us-acute-care-solutions/52328","sjbEplId":3427},{"sourceEplId":"326945","url":"https://www.healthecareers.com/healthcare-employer/utmb-health/326945","sjbEplId":3428},{"sourceEplId":"69101","url":"https://www.healthecareers.com/healthcare-employer/valley-health-plan/69101","sjbEplId":3429},{"sourceEplId":"67417","url":"https://www.healthecareers.com/healthcare-employer/vail-valley-medical-center/67417","sjbEplId":3430},{"sourceEplId":"1522","url":"https://www.healthecareers.com/healthcare-employer/valley-health-system-winchester-va/1522","sjbEplId":3431},{"sourceEplId":"333218","url":"https://www.healthecareers.com/healthcare-employer/vanguard-skin-specialists/333218","sjbEplId":3432},{"sourceEplId":"358791","url":"https://www.healthecareers.com/healthcare-employer/venice-regional-bayfront-health/358791","sjbEplId":3433},{"sourceEplId":"79734","url":"https://www.healthecareers.com/healthcare-employer/vep-healthcare-inc/79734","sjbEplId":3434},{"sourceEplId":"380137","url":"https://www.healthecareers.com/healthcare-employer/verity-health/380137","sjbEplId":3435},{"sourceEplId":"95148","url":"https://www.healthecareers.com/healthcare-employer/via-christi-health/95148","sjbEplId":3436},{"sourceEplId":"376865","url":"https://www.healthecareers.com/healthcare-employer/vidant-health/376865","sjbEplId":3437},{"sourceEplId":"332046","url":"https://www.healthecareers.com/healthcare-employer/virginia-emergency-medicine-associates/332046","sjbEplId":3438},{"sourceEplId":"21378","url":"https://www.healthecareers.com/healthcare-employer/virginia-mason-medical-center/21378","sjbEplId":3439},{"sourceEplId":"330863","url":"https://www.healthecareers.com/healthcare-employer/virginia-mason-memorial/330863","sjbEplId":3440},{"sourceEplId":"335091","url":"https://www.healthecareers.com/healthcare-employer/wake-forest-baptist-health/335091","sjbEplId":3441},{"sourceEplId":"68231","url":"https://www.healthecareers.com/healthcare-employer/warren-general-hospital/68231","sjbEplId":3442},{"sourceEplId":"34593","url":"https://www.healthecareers.com/healthcare-employer/weatherby-healthcare/34593","sjbEplId":3443},{"sourceEplId":"379360","url":"https://www.healthecareers.com/healthcare-employer/washington-radiology/379360","sjbEplId":3444},{"sourceEplId":"358232","url":"https://www.healthecareers.com/healthcare-employer/wellmont-health-system/358232","sjbEplId":3445},{"sourceEplId":"39463","url":"https://www.healthecareers.com/healthcare-employer/wellspan-health-hr/39463","sjbEplId":3446},{"sourceEplId":"33926","url":"https://www.healthecareers.com/healthcare-employer/wellspan-health/33926","sjbEplId":3447},{"sourceEplId":"31429","url":"https://www.healthecareers.com/healthcare-employer/wellstar-health-system/31429","sjbEplId":3448},{"sourceEplId":"58662","url":"https://www.healthecareers.com/healthcare-employer/west-tennessee-healthcare/58662","sjbEplId":3449},{"sourceEplId":"326544","url":"https://www.healthecareers.com/healthcare-employer/west-dermatology/326544","sjbEplId":3450},{"sourceEplId":"38208","url":"https://www.healthecareers.com/healthcare-employer/west-virginia-university-school-of-medicine/38208","sjbEplId":3451},{"sourceEplId":"11690","url":"https://www.healthecareers.com/healthcare-employer/western-maryland-health-system/11690","sjbEplId":3452},{"sourceEplId":"327805","url":"https://www.healthecareers.com/healthcare-employer/westmed-medical-group/327805","sjbEplId":3453},{"sourceEplId":"331641","url":"https://www.healthecareers.com/healthcare-employer/wheaton-franciscan-healthcare-iowa/331641","sjbEplId":3454},{"sourceEplId":"42213","url":"https://www.healthecareers.com/healthcare-employer/wilson-health/42213","sjbEplId":3455},{"sourceEplId":"82223","url":"https://www.healthecareers.com/healthcare-employer/workcare-inc/82223","sjbEplId":3456},{"sourceEplId":"89707","url":"https://www.healthecareers.com/healthcare-employer/womens-care-florida/89707","sjbEplId":3457},{"sourceEplId":"345754","url":"https://www.healthecareers.com/healthcare-employer/wsi-healthcare-personnel/345754","sjbEplId":3458},{"sourceEplId":"20606","url":"https://www.healthecareers.com/healthcare-employer/wvu-medicine-st-josephs-hospital/20606","sjbEplId":3459},{"sourceEplId":"79740","url":"https://www.healthecareers.com/healthcare-employer/zotec-partners/79740","sjbEplId":3460},{"sourceEplId":"327151","url":"https://www.healthecareers.com/healthcare-employer/zoomcare/327151","sjbEplId":3461},{"sourceEplId":"366601","url":"https://www.healthecareers.com/healthcare-employer/yuma-gastro-lllp/366601","sjbEplId":3462},{"sourceEplId":"345439","url":"https://www.healthecareers.com/healthcare-employer/yuma-regional-medical-center/345439","sjbEplId":3463},{"sourceEplId":"349519","url":"https://www.healthecareers.com/healthcare-employer/1st-advantage-dental/349519","sjbEplId":3464},{"sourceEplId":"360711","url":"https://www.healthecareers.com/healthcare-employer/2u-inc/360711","sjbEplId":3465},{"sourceEplId":"353813","url":"https://www.healthecareers.com/healthcare-employer/covenant-health/353813","sjbEplId":4065},{"sourceEplId":"26821","url":"https://www.healthecareers.com/healthcare-employer/75th-st-medical/26821","sjbEplId":4068},{"sourceEplId":"353813","url":"https://www.healthecareers.com/healthcare-employer/covenant-health/353813","sjbEplId":4075},{"sourceEplId":"33089","url":"https://www.healthecareers.com/healthcare-employer/mclaren-medical-group/33089","sjbEplId":4076},{"sourceEplId":"26821","url":"https://www.healthecareers.com/healthcare-employer/75th-st-medical/26821","sjbEplId":4077},{"sourceEplId":"358419","url":"https://www.healthecareers.com/healthcare-employer/amsurg/358419","sjbEplId":4078},{"sourceEplId":"348829","url":"https://www.healthecareers.com/healthcare-employer/childrens-minnesota/348829","sjbEplId":4079},{"sourceEplId":"349267","url":"https://www.healthecareers.com/healthcare-employer/posterity-group-llc/349267","sjbEplId":4080},{"sourceEplId":"67178","url":"https://www.healthecareers.com/healthcare-employer/maricopa-integrated-health-system/67178","sjbEplId":4492},{"sourceEplId":"382554","url":"https://www.healthecareers.com/healthcare-employer/pacific-permanente-group/382554","sjbEplId":4493},{"sourceEplId":"383107","url":"https://www.healthecareers.com/healthcare-employer/douglas-county-hospital/383107","sjbEplId":4494},{"sourceEplId":"373141","url":"https://www.healthecareers.com/healthcare-employer/atlanta-dermatology-and-surgery-pa/373141","sjbEplId":4495},{"sourceEplId":"378803","url":"https://www.healthecareers.com/healthcare-employer/musc/378803","sjbEplId":4496},{"sourceEplId":"329630","url":"https://www.healthecareers.com/healthcare-employer/myers-mcrae/329630","sjbEplId":4497},{"sourceEplId":"338128","url":"https://www.healthecareers.com/healthcare-employer/umc-health-system/338128","sjbEplId":4498},{"sourceEplId":"40242","url":"https://www.healthecareers.com/healthcare-employer/williamlaine-inc/40242","sjbEplId":4499},{"sourceEplId":"383370","url":"https://www.healthecareers.com/healthcare-employer/university-hospitals-rainbow-babies-childrens/383370","sjbEplId":4500},{"sourceEplId":"379383","url":"https://www.healthecareers.com/healthcare-employer/just-in-time-staffing/379383","sjbEplId":4501},{"sourceEplId":"39855","url":"https://www.healthecareers.com/healthcare-employer/the-medicus-firm/39855","sjbEplId":4502},{"sourceEplId":"383107","url":"https://www.healthecareers.com/healthcare-employer/douglas-county-hospital/383107","sjbEplId":5103},{"sourceEplId":"379383","url":"https://www.healthecareers.com/healthcare-employer/just-in-time-staffing/379383","sjbEplId":5104},{"sourceEplId":"373141","url":"https://www.healthecareers.com/healthcare-employer/atlanta-dermatology-and-surgery-pa/373141","sjbEplId":5105},{"sourceEplId":"67178","url":"https://www.healthecareers.com/healthcare-employer/maricopa-integrated-health-system/67178","sjbEplId":5106},{"sourceEplId":"378803","url":"https://www.healthecareers.com/healthcare-employer/musc/378803","sjbEplId":5107},{"sourceEplId":"329630","url":"https://www.healthecareers.com/healthcare-employer/myers-mcrae/329630","sjbEplId":5108},{"sourceEplId":"382554","url":"https://www.healthecareers.com/healthcare-employer/pacific-permanente-group/382554","sjbEplId":5109},{"sourceEplId":"39855","url":"https://www.healthecareers.com/healthcare-employer/the-medicus-firm/39855","sjbEplId":5110},{"sourceEplId":"338128","url":"https://www.healthecareers.com/healthcare-employer/umc-health-system/338128","sjbEplId":5111},{"sourceEplId":"383370","url":"https://www.healthecareers.com/healthcare-employer/university-hospitals-rainbow-babies-childrens/383370","sjbEplId":5112},{"sourceEplId":"40242","url":"https://www.healthecareers.com/healthcare-employer/williamlaine-inc/40242","sjbEplId":5113},{"sourceEplId":"26821","url":"https://www.healthecareers.com/healthcare-employer/75th-st-medical/26821","sjbEplId":5114},{"sourceEplId":"374052","url":"https://www.healthecareers.com/healthcare-employer/scarsdale-medical-group/374052","sjbEplId":5115}]